[
  {
    "method": "GET",
    "url": "/2.0/repositories/owner/repo",
    "headers": {
      "Server": "nginx",
      "Vary": "Authorization",
      "Content-Type": "application/json; charset=utf-8",
      "X-OAuth-Scopes": "pullrequest:write, repository:delete, repository:admin, account",
      "Access-Control-Expose-Headers": "Accept-Ranges, Content-Encoding, Content-Length, Content-Type, ETag, Last-Modified",
      "Strict-Transport-Security": "max-age=31536000; includeSubDomains; preload",
      "X-Served-By": "app-1131",
      "Access-Control-Allow-Origin": "*",
      "X-Static-Version": "e1ce49ad4aa3",
      "X-Content-Type-Options": "nosniff",
      "X-Accepted-OAuth-Scopes": "repository",
      "X-Credential-Type": "oauth2",
      "X-Render-Time": "0.0478518009186",
      "Connection": "Keep-Alive",
      "X-Request-Count": "3710",
      "X-Frame-Options": "SAMEORIGIN",
      "X-Version": "e1ce49ad4aa3",
      "content-length": "2995"
    },
    "response": "{\"scm\": \"git\", \"website\": null, \"has_wiki\": false, \"name\": \"repo\", \"links\": {\"watchers\": {\"href\": \"https://api.bitbucket.org/2.0/repositories/owner/repo/watchers\"}, \"branches\": {\"href\": \"https://api.bitbucket.org/2.0/repositories/owner/repo/refs/branches\"}, \"tags\": {\"href\": \"https://api.bitbucket.org/2.0/repositories/owner/repo/refs/tags\"}, \"commits\": {\"href\": \"https://api.bitbucket.org/2.0/repositories/owner/repo/commits\"}, \"clone\": [{\"href\": \"https://owner@bitbucket.org/owner/repo.git\", \"name\": \"https\"}, {\"href\": \"git@bitbucket.org:owner/repo.git\", \"name\": \"ssh\"}], \"self\": {\"href\": \"https://api.bitbucket.org/2.0/repositories/owner/repo\"}, \"source\": {\"href\": \"https://api.bitbucket.org/2.0/repositories/owner/repo/src\"}, \"html\": {\"href\": \"https://bitbucket.org/owner/repo\"}, \"avatar\": {\"href\": \"https://bytebucket.org/ravatar/%7B97c5226e-9ffb-42c4-948d-3d785a9d0c46%7D?ts=default\"}, \"hooks\": {\"href\": \"https://api.bitbucket.org/2.0/repositories/owner/repo/hooks\"}, \"forks\": {\"href\": \"https://api.bitbucket.org/2.0/repositories/owner/repo/forks\"}, \"downloads\": {\"href\": \"https://api.bitbucket.org/2.0/repositories/owner/repo/downloads\"}, \"pullrequests\": {\"href\": \"https://api.bitbucket.org/2.0/repositories/owner/repo/pullrequests\"}}, \"fork_policy\": \"allow_forks\", \"uuid\": \"{97c5226e-9ffb-42c4-948d-3d785a9d0c46}\", \"language\": \"\", \"created_on\": \"2020-04-12T09:50:32.743342+00:00\", \"mainbranch\": {\"type\": \"branch\", \"name\": \"master\"}, \"full_name\": \"owner/repo\", \"has_issues\": false, \"owner\": {\"display_name\": \"Erez Rokah\", \"uuid\": \"{0344b5bd-000e-47ad-80d1-b0a91b92bb53}\", \"links\": {\"self\": {\"href\": \"https://api.bitbucket.org/2.0/users/%7B0344b5bd-000e-47ad-80d1-b0a91b92bb53%7D\"}, \"html\": {\"href\": \"https://bitbucket.org/%7B0344b5bd-000e-47ad-80d1-b0a91b92bb53%7D/\"}, \"avatar\": {\"href\": \"https://secure.gravatar.com/avatar/2c95a9ee2f890f6c9ccdbf2438c88ca7?d=https%3A%2F%2Favatar-management--avatars.us-west-2.prod.public.atl-paas.net%2Finitials%2FER-2.png\"}}, \"nickname\": \"owner\", \"type\": \"user\", \"account_id\": \"557058:f3be1617-a338-488e-99a1-4ed46a10755a\"}, \"updated_on\": \"2020-04-12T09:51:27.836873+00:00\", \"size\": 4282777, \"type\": \"repository\", \"slug\": \"repo\", \"is_private\": false, \"description\": \"\"}",
    "status": 200
  },
  {
    "method": "GET",
    "url": "/2.0/user",
    "headers": {
      "Server": "nginx",
      "Vary": "Authorization",
      "Content-Type": "application/json; charset=utf-8",
      "X-OAuth-Scopes": "pullrequest:write, repository:delete, repository:admin, account",
      "Access-Control-Expose-Headers": "Accept-Ranges, Content-Encoding, Content-Length, Content-Type, ETag, Last-Modified",
      "Strict-Transport-Security": "max-age=31536000; includeSubDomains; preload",
      "X-Served-By": "app-1105",
      "Access-Control-Allow-Origin": "*",
      "X-Static-Version": "e1ce49ad4aa3",
      "X-Content-Type-Options": "nosniff",
      "X-Credential-Type": "oauth2",
      "X-Render-Time": "0.0290939807892",
      "X-Accepted-OAuth-Scopes": "account",
      "Connection": "Keep-Alive",
      "X-Request-Count": "334",
      "X-Version": "e1ce49ad4aa3",
      "X-Frame-Options": "SAMEORIGIN",
      "content-length": "1041"
    },
    "response": "{\"name\":\"owner\",\"display_name\":\"owner\",\"links\":{\"avatar\":{\"href\":\"https://avatars1.githubusercontent.com/u/7892489?v=4\"}},\"nickname\":\"owner\"}",
    "status": 200
  },
  {
    "method": "GET",
    "url": "/2.0/repositories/owner/repo/refs/branches/master",
    "headers": {
      "Server": "nginx",
      "Vary": "Authorization",
      "Content-Type": "application/json; charset=utf-8",
      "X-OAuth-Scopes": "pullrequest:write, repository:delete, repository:admin, account",
      "Access-Control-Expose-Headers": "Accept-Ranges, Content-Encoding, Content-Length, Content-Type, ETag, Last-Modified",
      "Strict-Transport-Security": "max-age=31536000; includeSubDomains; preload",
      "X-Served-By": "app-1142",
      "Access-Control-Allow-Origin": "*",
      "X-Static-Version": "e1ce49ad4aa3",
      "X-Content-Type-Options": "nosniff",
      "X-Accepted-OAuth-Scopes": "repository",
      "X-Credential-Type": "oauth2",
      "X-Render-Time": "0.0474081039429",
      "Connection": "Keep-Alive",
      "X-Request-Count": "1972",
      "X-Frame-Options": "SAMEORIGIN",
      "X-Version": "e1ce49ad4aa3",
      "content-length": "3039"
    },
    "response": "{\"name\": \"master\", \"links\": {\"commits\": {\"href\": \"https://api.bitbucket.org/2.0/repositories/owner/repo/commits/master\"}, \"self\": {\"href\": \"https://api.bitbucket.org/2.0/repositories/owner/repo/refs/branches/master\"}, \"html\": {\"href\": \"https://bitbucket.org/owner/repo/branch/master\"}}, \"default_merge_strategy\": \"merge_commit\", \"merge_strategies\": [\"merge_commit\", \"squash\", \"fast_forward\"], \"type\": \"branch\", \"target\": {\"hash\": \"53eb7709cda173b8c923b4bef2a51a1ce49d14af\", \"repository\": {\"links\": {\"self\": {\"href\": \"https://api.bitbucket.org/2.0/repositories/owner/repo\"}, \"html\": {\"href\": \"https://bitbucket.org/owner/repo\"}, \"avatar\": {\"href\": \"https://bytebucket.org/ravatar/%7B97c5226e-9ffb-42c4-948d-3d785a9d0c46%7D?ts=default\"}}, \"type\": \"repository\", \"name\": \"repo\", \"full_name\": \"owner/repo\", \"uuid\": \"{97c5226e-9ffb-42c4-948d-3d785a9d0c46}\"}, \"links\": {\"self\": {\"href\": \"https://api.bitbucket.org/2.0/repositories/owner/repo/commit/53eb7709cda173b8c923b4bef2a51a1ce49d14af\"}, \"comments\": {\"href\": \"https://api.bitbucket.org/2.0/repositories/owner/repo/commit/53eb7709cda173b8c923b4bef2a51a1ce49d14af/comments\"}, \"patch\": {\"href\": \"https://api.bitbucket.org/2.0/repositories/owner/repo/patch/53eb7709cda173b8c923b4bef2a51a1ce49d14af\"}, \"html\": {\"href\": \"https://bitbucket.org/owner/repo/commits/53eb7709cda173b8c923b4bef2a51a1ce49d14af\"}, \"diff\": {\"href\": \"https://api.bitbucket.org/2.0/repositories/owner/repo/diff/53eb7709cda173b8c923b4bef2a51a1ce49d14af\"}, \"approve\": {\"href\": \"https://api.bitbucket.org/2.0/repositories/owner/repo/commit/53eb7709cda173b8c923b4bef2a51a1ce49d14af/approve\"}, \"statuses\": {\"href\": \"https://api.bitbucket.org/2.0/repositories/owner/repo/commit/53eb7709cda173b8c923b4bef2a51a1ce49d14af/statuses\"}}, \"author\": {\"raw\": \"ownerkah <ownerkah@users.noreply.github.com>\", \"type\": \"author\"}, \"parents\": [{\"hash\": \"b782b50eefc7d6f6482ac989eb5c9142d5abfa37\", \"type\": \"commit\", \"links\": {\"self\": {\"href\": \"https://api.bitbucket.org/2.0/repositories/owner/repo/commit/b782b50eefc7d6f6482ac989eb5c9142d5abfa37\"}, \"html\": {\"href\": \"https://bitbucket.org/owner/repo/commits/b782b50eefc7d6f6482ac989eb5c9142d5abfa37\"}}}], \"date\": \"2020-04-12T09:50:53+00:00\", \"message\": \"chore: track images files under LFS\\n\", \"type\": \"commit\"}}",
    "status": 200
  },
  {
    "method": "GET",
    "url": "/2.0/repositories/owner/repo/src/53eb7709cda173b8c923b4bef2a51a1ce49d14af/static/media?max_depth=1&pagelen=100",
    "headers": {
      "Server": "nginx",
      "Vary": "Authorization",
      "Cache-Control": "max-age=86400",
      "Content-Type": "application/json; charset=utf-8",
      "X-OAuth-Scopes": "pullrequest:write, repository:delete, repository:admin, account",
      "Access-Control-Expose-Headers": "Accept-Ranges, Content-Encoding, Content-Length, Content-Type, ETag, Last-Modified",
      "Strict-Transport-Security": "max-age=31536000; includeSubDomains; preload",
      "X-Served-By": "app-1107",
      "Access-Control-Allow-Origin": "*",
      "X-Static-Version": "e1ce49ad4aa3",
      "X-Accepted-OAuth-Scopes": "repository",
      "X-Credential-Type": "oauth2",
      "X-Render-Time": "0.046135187149",
      "Connection": "Keep-Alive",
      "X-Request-Count": "3087",
      "X-Frame-Options": "SAMEORIGIN",
      "X-Version": "e1ce49ad4aa3",
      "Content-Length": "78"
    },
    "response": "{\"type\":\"error\",\"error\":{\"message\":\"No such file or directory: static/media\"}}",
    "status": 404
  },
  {
    "method": "GET",
    "url": "/2.0/repositories/owner/repo/refs/branches/master",
    "headers": {
      "Server": "nginx",
      "Vary": "Authorization",
      "Content-Type": "application/json; charset=utf-8",
      "X-OAuth-Scopes": "pullrequest:write, repository:delete, repository:admin, account",
      "Access-Control-Expose-Headers": "Accept-Ranges, Content-Encoding, Content-Length, Content-Type, ETag, Last-Modified",
      "Strict-Transport-Security": "max-age=31536000; includeSubDomains; preload",
      "X-Served-By": "app-1107",
      "Access-Control-Allow-Origin": "*",
      "X-Static-Version": "e1ce49ad4aa3",
      "X-Content-Type-Options": "nosniff",
      "X-Accepted-OAuth-Scopes": "repository",
      "X-Credential-Type": "oauth2",
      "X-Render-Time": "0.0444459915161",
      "Connection": "Keep-Alive",
      "X-Request-Count": "1128",
      "X-Frame-Options": "SAMEORIGIN",
      "X-Version": "e1ce49ad4aa3",
      "content-length": "3039"
    },
    "response": "{\"name\": \"master\", \"links\": {\"commits\": {\"href\": \"https://api.bitbucket.org/2.0/repositories/owner/repo/commits/master\"}, \"self\": {\"href\": \"https://api.bitbucket.org/2.0/repositories/owner/repo/refs/branches/master\"}, \"html\": {\"href\": \"https://bitbucket.org/owner/repo/branch/master\"}}, \"default_merge_strategy\": \"merge_commit\", \"merge_strategies\": [\"merge_commit\", \"squash\", \"fast_forward\"], \"type\": \"branch\", \"target\": {\"hash\": \"53eb7709cda173b8c923b4bef2a51a1ce49d14af\", \"repository\": {\"links\": {\"self\": {\"href\": \"https://api.bitbucket.org/2.0/repositories/owner/repo\"}, \"html\": {\"href\": \"https://bitbucket.org/owner/repo\"}, \"avatar\": {\"href\": \"https://bytebucket.org/ravatar/%7B97c5226e-9ffb-42c4-948d-3d785a9d0c46%7D?ts=default\"}}, \"type\": \"repository\", \"name\": \"repo\", \"full_name\": \"owner/repo\", \"uuid\": \"{97c5226e-9ffb-42c4-948d-3d785a9d0c46}\"}, \"links\": {\"self\": {\"href\": \"https://api.bitbucket.org/2.0/repositories/owner/repo/commit/53eb7709cda173b8c923b4bef2a51a1ce49d14af\"}, \"comments\": {\"href\": \"https://api.bitbucket.org/2.0/repositories/owner/repo/commit/53eb7709cda173b8c923b4bef2a51a1ce49d14af/comments\"}, \"patch\": {\"href\": \"https://api.bitbucket.org/2.0/repositories/owner/repo/patch/53eb7709cda173b8c923b4bef2a51a1ce49d14af\"}, \"html\": {\"href\": \"https://bitbucket.org/owner/repo/commits/53eb7709cda173b8c923b4bef2a51a1ce49d14af\"}, \"diff\": {\"href\": \"https://api.bitbucket.org/2.0/repositories/owner/repo/diff/53eb7709cda173b8c923b4bef2a51a1ce49d14af\"}, \"approve\": {\"href\": \"https://api.bitbucket.org/2.0/repositories/owner/repo/commit/53eb7709cda173b8c923b4bef2a51a1ce49d14af/approve\"}, \"statuses\": {\"href\": \"https://api.bitbucket.org/2.0/repositories/owner/repo/commit/53eb7709cda173b8c923b4bef2a51a1ce49d14af/statuses\"}}, \"author\": {\"raw\": \"ownerkah <ownerkah@users.noreply.github.com>\", \"type\": \"author\"}, \"parents\": [{\"hash\": \"b782b50eefc7d6f6482ac989eb5c9142d5abfa37\", \"type\": \"commit\", \"links\": {\"self\": {\"href\": \"https://api.bitbucket.org/2.0/repositories/owner/repo/commit/b782b50eefc7d6f6482ac989eb5c9142d5abfa37\"}, \"html\": {\"href\": \"https://bitbucket.org/owner/repo/commits/b782b50eefc7d6f6482ac989eb5c9142d5abfa37\"}}}], \"date\": \"2020-04-12T09:50:53+00:00\", \"message\": \"chore: track images files under LFS\\n\", \"type\": \"commit\"}}",
    "status": 200
  },
  {
    "method": "GET",
    "url": "/2.0/repositories/owner/repo/refs/branches/master",
    "headers": {
      "Server": "nginx",
      "Vary": "Authorization",
      "Content-Type": "application/json; charset=utf-8",
      "X-OAuth-Scopes": "pullrequest:write, repository:delete, repository:admin, account",
      "Access-Control-Expose-Headers": "Accept-Ranges, Content-Encoding, Content-Length, Content-Type, ETag, Last-Modified",
      "Strict-Transport-Security": "max-age=31536000; includeSubDomains; preload",
      "X-Served-By": "app-1131",
      "Access-Control-Allow-Origin": "*",
      "X-Static-Version": "e1ce49ad4aa3",
      "X-Content-Type-Options": "nosniff",
      "X-Accepted-OAuth-Scopes": "repository",
      "X-Credential-Type": "oauth2",
      "X-Render-Time": "0.0392310619354",
      "Connection": "Keep-Alive",
      "X-Request-Count": "4147",
      "X-Frame-Options": "SAMEORIGIN",
      "X-Version": "e1ce49ad4aa3",
      "content-length": "3039"
    },
    "response": "{\"name\": \"master\", \"links\": {\"commits\": {\"href\": \"https://api.bitbucket.org/2.0/repositories/owner/repo/commits/master\"}, \"self\": {\"href\": \"https://api.bitbucket.org/2.0/repositories/owner/repo/refs/branches/master\"}, \"html\": {\"href\": \"https://bitbucket.org/owner/repo/branch/master\"}}, \"default_merge_strategy\": \"merge_commit\", \"merge_strategies\": [\"merge_commit\", \"squash\", \"fast_forward\"], \"type\": \"branch\", \"target\": {\"hash\": \"53eb7709cda173b8c923b4bef2a51a1ce49d14af\", \"repository\": {\"links\": {\"self\": {\"href\": \"https://api.bitbucket.org/2.0/repositories/owner/repo\"}, \"html\": {\"href\": \"https://bitbucket.org/owner/repo\"}, \"avatar\": {\"href\": \"https://bytebucket.org/ravatar/%7B97c5226e-9ffb-42c4-948d-3d785a9d0c46%7D?ts=default\"}}, \"type\": \"repository\", \"name\": \"repo\", \"full_name\": \"owner/repo\", \"uuid\": \"{97c5226e-9ffb-42c4-948d-3d785a9d0c46}\"}, \"links\": {\"self\": {\"href\": \"https://api.bitbucket.org/2.0/repositories/owner/repo/commit/53eb7709cda173b8c923b4bef2a51a1ce49d14af\"}, \"comments\": {\"href\": \"https://api.bitbucket.org/2.0/repositories/owner/repo/commit/53eb7709cda173b8c923b4bef2a51a1ce49d14af/comments\"}, \"patch\": {\"href\": \"https://api.bitbucket.org/2.0/repositories/owner/repo/patch/53eb7709cda173b8c923b4bef2a51a1ce49d14af\"}, \"html\": {\"href\": \"https://bitbucket.org/owner/repo/commits/53eb7709cda173b8c923b4bef2a51a1ce49d14af\"}, \"diff\": {\"href\": \"https://api.bitbucket.org/2.0/repositories/owner/repo/diff/53eb7709cda173b8c923b4bef2a51a1ce49d14af\"}, \"approve\": {\"href\": \"https://api.bitbucket.org/2.0/repositories/owner/repo/commit/53eb7709cda173b8c923b4bef2a51a1ce49d14af/approve\"}, \"statuses\": {\"href\": \"https://api.bitbucket.org/2.0/repositories/owner/repo/commit/53eb7709cda173b8c923b4bef2a51a1ce49d14af/statuses\"}}, \"author\": {\"raw\": \"ownerkah <ownerkah@users.noreply.github.com>\", \"type\": \"author\"}, \"parents\": [{\"hash\": \"b782b50eefc7d6f6482ac989eb5c9142d5abfa37\", \"type\": \"commit\", \"links\": {\"self\": {\"href\": \"https://api.bitbucket.org/2.0/repositories/owner/repo/commit/b782b50eefc7d6f6482ac989eb5c9142d5abfa37\"}, \"html\": {\"href\": \"https://bitbucket.org/owner/repo/commits/b782b50eefc7d6f6482ac989eb5c9142d5abfa37\"}}}], \"date\": \"2020-04-12T09:50:53+00:00\", \"message\": \"chore: track images files under LFS\\n\", \"type\": \"commit\"}}",
    "status": 200
  },
  {
    "method": "GET",
    "url": "/2.0/repositories/owner/repo/src/53eb7709cda173b8c923b4bef2a51a1ce49d14af/.gitattributes",
    "headers": {
      "Server": "nginx",
      "Vary": "Authorization",
      "Cache-Control": "max-age=86400",
      "Content-Type": "text/plain",
      "X-OAuth-Scopes": "pullrequest:write, repository:delete, repository:admin, account",
      "Access-Control-Expose-Headers": "Accept-Ranges, Content-Encoding, Content-Length, Content-Type, ETag, Last-Modified",
      "Strict-Transport-Security": "max-age=31536000; includeSubDomains; preload",
      "X-Served-By": "app-1131",
      "Access-Control-Allow-Origin": "*",
      "X-Static-Version": "e1ce49ad4aa3",
      "X-Content-Type-Options": "nosniff",
      "X-Accepted-OAuth-Scopes": "repository",
      "X-Credential-Type": "oauth2",
      "X-Render-Time": "0.0401599407196",
      "Connection": "Keep-Alive",
      "X-Request-Count": "3973",
      "X-Frame-Options": "SAMEORIGIN",
      "X-Version": "e1ce49ad4aa3",
      "Content-Length": "220"
    },
    "response": "/.github export-ignore\n/.gitattributes export-ignore\n/.editorconfig export-ignore\n/.travis.yml export-ignore\n**/*.js.snap export-ignore\n*.png filter=lfs diff=lfs merge=lfs -text\n*.jpg filter=lfs diff=lfs merge=lfs -text\n",
    "status": 200
  },
  {
    "method": "GET",
    "url": "/2.0/repositories/owner/repo/refs/branches/master",
    "headers": {
      "Server": "nginx",
      "Vary": "Authorization",
      "Content-Type": "application/json; charset=utf-8",
      "X-OAuth-Scopes": "pullrequest:write, repository:delete, repository:admin, account",
      "Access-Control-Expose-Headers": "Accept-Ranges, Content-Encoding, Content-Length, Content-Type, ETag, Last-Modified",
      "Strict-Transport-Security": "max-age=31536000; includeSubDomains; preload",
      "X-Served-By": "app-1106",
      "Access-Control-Allow-Origin": "*",
      "X-Static-Version": "e1ce49ad4aa3",
      "X-Content-Type-Options": "nosniff",
      "X-Accepted-OAuth-Scopes": "repository",
      "X-Credential-Type": "oauth2",
      "X-Render-Time": "0.0493628978729",
      "Connection": "Keep-Alive",
      "X-Request-Count": "2422",
      "X-Frame-Options": "SAMEORIGIN",
      "X-Version": "e1ce49ad4aa3",
      "content-length": "3039"
    },
    "response": "{\"name\": \"master\", \"links\": {\"commits\": {\"href\": \"https://api.bitbucket.org/2.0/repositories/owner/repo/commits/master\"}, \"self\": {\"href\": \"https://api.bitbucket.org/2.0/repositories/owner/repo/refs/branches/master\"}, \"html\": {\"href\": \"https://bitbucket.org/owner/repo/branch/master\"}}, \"default_merge_strategy\": \"merge_commit\", \"merge_strategies\": [\"merge_commit\", \"squash\", \"fast_forward\"], \"type\": \"branch\", \"target\": {\"hash\": \"53eb7709cda173b8c923b4bef2a51a1ce49d14af\", \"repository\": {\"links\": {\"self\": {\"href\": \"https://api.bitbucket.org/2.0/repositories/owner/repo\"}, \"html\": {\"href\": \"https://bitbucket.org/owner/repo\"}, \"avatar\": {\"href\": \"https://bytebucket.org/ravatar/%7B97c5226e-9ffb-42c4-948d-3d785a9d0c46%7D?ts=default\"}}, \"type\": \"repository\", \"name\": \"repo\", \"full_name\": \"owner/repo\", \"uuid\": \"{97c5226e-9ffb-42c4-948d-3d785a9d0c46}\"}, \"links\": {\"self\": {\"href\": \"https://api.bitbucket.org/2.0/repositories/owner/repo/commit/53eb7709cda173b8c923b4bef2a51a1ce49d14af\"}, \"comments\": {\"href\": \"https://api.bitbucket.org/2.0/repositories/owner/repo/commit/53eb7709cda173b8c923b4bef2a51a1ce49d14af/comments\"}, \"patch\": {\"href\": \"https://api.bitbucket.org/2.0/repositories/owner/repo/patch/53eb7709cda173b8c923b4bef2a51a1ce49d14af\"}, \"html\": {\"href\": \"https://bitbucket.org/owner/repo/commits/53eb7709cda173b8c923b4bef2a51a1ce49d14af\"}, \"diff\": {\"href\": \"https://api.bitbucket.org/2.0/repositories/owner/repo/diff/53eb7709cda173b8c923b4bef2a51a1ce49d14af\"}, \"approve\": {\"href\": \"https://api.bitbucket.org/2.0/repositories/owner/repo/commit/53eb7709cda173b8c923b4bef2a51a1ce49d14af/approve\"}, \"statuses\": {\"href\": \"https://api.bitbucket.org/2.0/repositories/owner/repo/commit/53eb7709cda173b8c923b4bef2a51a1ce49d14af/statuses\"}}, \"author\": {\"raw\": \"ownerkah <ownerkah@users.noreply.github.com>\", \"type\": \"author\"}, \"parents\": [{\"hash\": \"b782b50eefc7d6f6482ac989eb5c9142d5abfa37\", \"type\": \"commit\", \"links\": {\"self\": {\"href\": \"https://api.bitbucket.org/2.0/repositories/owner/repo/commit/b782b50eefc7d6f6482ac989eb5c9142d5abfa37\"}, \"html\": {\"href\": \"https://bitbucket.org/owner/repo/commits/b782b50eefc7d6f6482ac989eb5c9142d5abfa37\"}}}], \"date\": \"2020-04-12T09:50:53+00:00\", \"message\": \"chore: track images files under LFS\\n\", \"type\": \"commit\"}}",
    "status": 200
  },
  {
    "method": "GET",
    "url": "/2.0/repositories/owner/repo/src/53eb7709cda173b8c923b4bef2a51a1ce49d14af/content/posts?max_depth=1&pagelen=20",
    "headers": {
      "Server": "nginx",
      "Vary": "Authorization",
      "Cache-Control": "max-age=86400",
      "Content-Type": "application/json; charset=utf-8",
      "X-OAuth-Scopes": "pullrequest:write, repository:delete, repository:admin, account",
      "Access-Control-Expose-Headers": "Accept-Ranges, Content-Encoding, Content-Length, Content-Type, ETag, Last-Modified",
      "Strict-Transport-Security": "max-age=31536000; includeSubDomains; preload",
      "X-Served-By": "app-1130",
      "Access-Control-Allow-Origin": "*",
      "X-Static-Version": "e1ce49ad4aa3",
      "X-Content-Type-Options": "nosniff",
      "X-Accepted-OAuth-Scopes": "repository",
      "X-Credential-Type": "oauth2",
      "X-Render-Time": "0.0458002090454",
      "Connection": "Keep-Alive",
      "X-Request-Count": "2418",
      "X-Frame-Options": "SAMEORIGIN",
      "X-Version": "e1ce49ad4aa3",
      "content-length": "6371"
    },
    "response": "{\"pagelen\":20,\"values\":[{\"mimetype\":null,\"links\":{\"self\":{\"href\":\"https://api.bitbucket.org/2.0/repositories/owner/repo/src/53eb7709cda173b8c923b4bef2a51a1ce49d14af/content/posts/2016-01-09---Perfecting-the-Art-of-Perfection.md\"},\"meta\":{\"href\":\"https://api.bitbucket.org/2.0/repositories/owner/repo/src/53eb7709cda173b8c923b4bef2a51a1ce49d14af/content/posts/2016-01-09---Perfecting-the-Art-of-Perfection.md?format=meta\"},\"history\":{\"href\":\"https://api.bitbucket.org/2.0/repositories/owner/repo/filehistory/53eb7709cda173b8c923b4bef2a51a1ce49d14af/content/posts/2016-01-09---Perfecting-the-Art-of-Perfection.md\"}},\"path\":\"content/posts/2016-01-09---Perfecting-the-Art-of-Perfection.md\",\"commit\":{\"type\":\"commit\",\"hash\":\"53eb7709cda173b8c923b4bef2a51a1ce49d14af\",\"links\":{\"self\":{\"href\":\"https://api.bitbucket.org/2.0/repositories/owner/repo/commit/53eb7709cda173b8c923b4bef2a51a1ce49d14af\"},\"html\":{\"href\":\"https://bitbucket.org/owner/repo/commits/53eb7709cda173b8c923b4bef2a51a1ce49d14af\"}}},\"attributes\":[],\"type\":\"commit_file\",\"size\":1707},{\"mimetype\":null,\"links\":{\"self\":{\"href\":\"https://api.bitbucket.org/2.0/repositories/owner/repo/src/53eb7709cda173b8c923b4bef2a51a1ce49d14af/content/posts/2016-01-12---The-Origins-of-Social-Stationery-Lettering.md\"},\"meta\":{\"href\":\"https://api.bitbucket.org/2.0/repositories/owner/repo/src/53eb7709cda173b8c923b4bef2a51a1ce49d14af/content/posts/2016-01-12---The-Origins-of-Social-Stationery-Lettering.md?format=meta\"},\"history\":{\"href\":\"https://api.bitbucket.org/2.0/repositories/owner/repo/filehistory/53eb7709cda173b8c923b4bef2a51a1ce49d14af/content/posts/2016-01-12---The-Origins-of-Social-Stationery-Lettering.md\"}},\"path\":\"content/posts/2016-01-12---The-Origins-of-Social-Stationery-Lettering.md\",\"commit\":{\"type\":\"commit\",\"hash\":\"53eb7709cda173b8c923b4bef2a51a1ce49d14af\",\"links\":{\"self\":{\"href\":\"https://api.bitbucket.org/2.0/repositories/owner/repo/commit/53eb7709cda173b8c923b4bef2a51a1ce49d14af\"},\"html\":{\"href\":\"https://bitbucket.org/owner/repo/commits/53eb7709cda173b8c923b4bef2a51a1ce49d14af\"}}},\"attributes\":[],\"type\":\"commit_file\",\"size\":2565},{\"mimetype\":null,\"links\":{\"self\":{\"href\":\"https://api.bitbucket.org/2.0/repositories/owner/repo/src/53eb7709cda173b8c923b4bef2a51a1ce49d14af/content/posts/2016-02-02---A-Brief-History-of-Typography.md\"},\"meta\":{\"href\":\"https://api.bitbucket.org/2.0/repositories/owner/repo/src/53eb7709cda173b8c923b4bef2a51a1ce49d14af/content/posts/2016-02-02---A-Brief-History-of-Typography.md?format=meta\"},\"history\":{\"href\":\"https://api.bitbucket.org/2.0/repositories/owner/repo/filehistory/53eb7709cda173b8c923b4bef2a51a1ce49d14af/content/posts/2016-02-02---A-Brief-History-of-Typography.md\"}},\"path\":\"content/posts/2016-02-02---A-Brief-History-of-Typography.md\",\"commit\":{\"type\":\"commit\",\"hash\":\"53eb7709cda173b8c923b4bef2a51a1ce49d14af\",\"links\":{\"self\":{\"href\":\"https://api.bitbucket.org/2.0/repositories/owner/repo/commit/53eb7709cda173b8c923b4bef2a51a1ce49d14af\"},\"html\":{\"href\":\"https://bitbucket.org/owner/repo/commits/53eb7709cda173b8c923b4bef2a51a1ce49d14af\"}}},\"attributes\":[],\"type\":\"commit_file\",\"size\":2786},{\"mimetype\":null,\"links\":{\"self\":{\"href\":\"https://api.bitbucket.org/2.0/repositories/owner/repo/src/53eb7709cda173b8c923b4bef2a51a1ce49d14af/content/posts/2017-18-08---The-Birth-of-Movable-Type.md\"},\"meta\":{\"href\":\"https://api.bitbucket.org/2.0/repositories/owner/repo/src/53eb7709cda173b8c923b4bef2a51a1ce49d14af/content/posts/2017-18-08---The-Birth-of-Movable-Type.md?format=meta\"},\"history\":{\"href\":\"https://api.bitbucket.org/2.0/repositories/owner/repo/filehistory/53eb7709cda173b8c923b4bef2a51a1ce49d14af/content/posts/2017-18-08---The-Birth-of-Movable-Type.md\"}},\"path\":\"content/posts/2017-18-08---The-Birth-of-Movable-Type.md\",\"commit\":{\"type\":\"commit\",\"hash\":\"53eb7709cda173b8c923b4bef2a51a1ce49d14af\",\"links\":{\"self\":{\"href\":\"https://api.bitbucket.org/2.0/repositories/owner/repo/commit/53eb7709cda173b8c923b4bef2a51a1ce49d14af\"},\"html\":{\"href\":\"https://bitbucket.org/owner/repo/commits/53eb7709cda173b8c923b4bef2a51a1ce49d14af\"}}},\"attributes\":[],\"type\":\"commit_file\",\"size\":16071},{\"mimetype\":null,\"links\":{\"self\":{\"href\":\"https://api.bitbucket.org/2.0/repositories/owner/repo/src/53eb7709cda173b8c923b4bef2a51a1ce49d14af/content/posts/2017-19-08---Humane-Typography-in-the-Digital-Age.md\"},\"meta\":{\"href\":\"https://api.bitbucket.org/2.0/repositories/owner/repo/src/53eb7709cda173b8c923b4bef2a51a1ce49d14af/content/posts/2017-19-08---Humane-Typography-in-the-Digital-Age.md?format=meta\"},\"history\":{\"href\":\"https://api.bitbucket.org/2.0/repositories/owner/repo/filehistory/53eb7709cda173b8c923b4bef2a51a1ce49d14af/content/posts/2017-19-08---Humane-Typography-in-the-Digital-Age.md\"}},\"path\":\"content/posts/2017-19-08---Humane-Typography-in-the-Digital-Age.md\",\"commit\":{\"type\":\"commit\",\"hash\":\"53eb7709cda173b8c923b4bef2a51a1ce49d14af\",\"links\":{\"self\":{\"href\":\"https://api.bitbucket.org/2.0/repositories/owner/repo/commit/53eb7709cda173b8c923b4bef2a51a1ce49d14af\"},\"html\":{\"href\":\"https://bitbucket.org/owner/repo/commits/53eb7709cda173b8c923b4bef2a51a1ce49d14af\"}}},\"attributes\":[],\"type\":\"commit_file\",\"size\":7465}],\"page\":1}",
    "status": 200
  },
  {
    "body": "{\"operation\":\"upload\",\"transfers\":[\"basic\"],\"objects\":[{\"size\":3470,\"oid\":\"b1d40c19b912d2130d1bed8ff1a62a55c7d932978502e1d8559eb77951c5e8d3\"}]}",
    "method": "POST",
    "url": "/owner/repo/info/lfs/objects/batch",
    "headers": {
      "bbr1private": "0",
      "bbr1wikiprivate": "0",
      "Server": "nginx",
      "Vary": "Authorization",
      "bbr1repouuid": "97c5226e-9ffb-42c4-948d-3d785a9d0c46",
      "Cache-Control": "no-cache",
      "Content-Type": "application/vnd.git-lfs+json",
      "X-OAuth-Scopes": "pullrequest:write, repository:delete, repository:admin, account",
      "X-Usage-Output-Ops": "0",
      "bbr1reposlug": "repo",
      "bbr1hasadmin": "1",
      "Access-Control-Expose-Headers": "Accept-Ranges, Content-Encoding, Content-Length, Content-Type, ETag, Last-Modified",
      "bbr1scm": "git",
      "Strict-Transport-Security": "max-age=31536000; includeSubDomains; preload",
      "X-Usage-User-Time": "0.037442",
      "X-Usage-System-Time": "0.009602",
      "bbuserid": "6965054",
      "bbauthhash": "",
      "X-Served-By": "app-135",
      "X-Consumer-Client-Id": "ATfdeqkMFdgQA3S8Tr",
      "bbr1ownerid": "6965054",
      "bbr1hasread": "1",
      "bbr1issuesprivate": "0",
      "bbr1haswrite": "1",
      "bbr1size": "4282777",
      "X-Usage-Throttled": "True",
      "Access-Control-Allow-Origin": "*",
      "X-View-Name": "bitbucket.apps.lfs.clientapi.batch.ObjectsBatchHandler",
      "X-Static-Version": "e1ce49ad4aa3",
      "X-Content-Type-Options": "nosniff",
      "X-Accepted-OAuth-Scopes": "repository",
      "X-Credential-Type": "oauth2",
      "X-Render-Time": "0.0631959438324",
      "Connection": "Keep-Alive",
      "bbusername": "owner",
      "X-Token-Id": "47401645",
      "X-Usage-Input-Ops": "0",
      "X-Request-Count": "2231",
      "X-Frame-Options": "SAMEORIGIN",
      "X-Version": "e1ce49ad4aa3",
      "bbr1owner": "owner",
      "Content-Length": "104",
      "bbr1id": "64027664"
    },
    "response": "{\"objects\": [{\"oid\": \"b1d40c19b912d2130d1bed8ff1a62a55c7d932978502e1d8559eb77951c5e8d3\", \"size\": 3470}]}",
    "status": 200
  },
  {
    "method": "GET",
    "url": "/2.0/repositories/owner/repo/src/53eb7709cda173b8c923b4bef2a51a1ce49d14af/content/posts/2016-01-09---Perfecting-the-Art-of-Perfection.md",
    "headers": {
      "Server": "nginx",
      "Vary": "Authorization",
      "Cache-Control": "max-age=86400",
      "Content-Type": "text/plain",
      "X-OAuth-Scopes": "pullrequest:write, repository:delete, repository:admin, account",
      "Access-Control-Expose-Headers": "Accept-Ranges, Content-Encoding, Content-Length, Content-Type, ETag, Last-Modified",
      "Strict-Transport-Security": "max-age=31536000; includeSubDomains; preload",
      "X-Served-By": "app-1131",
      "Access-Control-Allow-Origin": "*",
      "X-Static-Version": "e1ce49ad4aa3",
      "X-Content-Type-Options": "nosniff",
      "X-Accepted-OAuth-Scopes": "repository",
      "X-Credential-Type": "oauth2",
      "X-Render-Time": "0.0299470424652",
      "Connection": "Keep-Alive",
      "X-Request-Count": "4057",
      "X-Frame-Options": "SAMEORIGIN",
      "X-Version": "e1ce49ad4aa3",
      "content-length": "1707"
    },
    "response": "---\ntitle: Perfecting the Art of Perfection\ndate: \"2016-09-01T23:46:37.121Z\"\ntemplate: \"post\"\ndraft: false\ncategory: \"Design Inspiration\"\ntags:\n  - \"Handwriting\"\n  - \"Learning to write\"\ndescription: \"Quisque cursus, metus vitae pharetra auctor, sem massa mattis sem, at interdum magna augue eget diam. Vestibulum ante ipsum primis in faucibus orci luctus et ultrices posuere cubilia Curae; Morbi lacinia molestie dui. Praesent blandit dolor. Sed non quam. In vel mi sit amet augue congue elementum.\"\ncanonical: ''\n---\n\nQuisque cursus, metus vitae pharetra auctor, sem massa mattis sem, at interdum magna augue eget diam. Vestibulum ante ipsum primis in faucibus orci luctus et ultrices posuere cubilia Curae; Morbi lacinia molestie dui. Praesent blandit dolor. Sed non quam. In vel mi sit amet augue congue elementum.\n\n![Nulla faucibus vestibulum eros in tempus. Vestibulum tempor imperdiet velit nec dapibus](/media/image-2.jpg)\n\nPellentesque habitant morbi tristique senectus et netus et malesuada fames ac turpis egestas. Vestibulum tortor quam, feugiat vitae, ultricies eget, tempor sit amet, ante. Donec eu libero sit amet quam egestas semper. Aenean ultricies mi vitae est. Mauris placerat eleifend leo. Quisque sit amet est et sapien ullamcorper pharetra. Vestibulum erat wisi, condimentum sed, commodo vitae, ornare sit amet, wisi. Aenean fermentum, elit eget tincidunt condimentum, eros ipsum rutrum orci, sagittis tempus lacus enim ac dui. Donec non enim in turpis pulvinar facilisis. Ut felis. \n\nPraesent dapibus, neque id cursus faucibus, tortor neque egestas augue, eu vulputate magna eros eu erat. Aliquam erat volutpat. Nam dui mi, tincidunt quis, accumsan porttitor, facilisis luctus, metus.",
    "status": 200
  },
  {
    "method": "GET",
    "url": "/2.0/repositories/owner/repo/src/53eb7709cda173b8c923b4bef2a51a1ce49d14af/content/posts/2016-02-02---A-Brief-History-of-Typography.md",
    "headers": {
      "Server": "nginx",
      "Vary": "Authorization",
      "Cache-Control": "max-age=86400",
      "Content-Type": "text/plain",
      "X-OAuth-Scopes": "pullrequest:write, repository:delete, repository:admin, account",
      "Access-Control-Expose-Headers": "Accept-Ranges, Content-Encoding, Content-Length, Content-Type, ETag, Last-Modified",
      "Strict-Transport-Security": "max-age=31536000; includeSubDomains; preload",
      "X-Served-By": "app-1130",
      "Access-Control-Allow-Origin": "*",
      "X-Static-Version": "e1ce49ad4aa3",
      "X-Content-Type-Options": "nosniff",
      "X-Accepted-OAuth-Scopes": "repository",
      "X-Credential-Type": "oauth2",
      "X-Render-Time": "0.0303959846497",
      "Connection": "Keep-Alive",
      "X-Request-Count": "3202",
      "X-Frame-Options": "SAMEORIGIN",
      "X-Version": "e1ce49ad4aa3",
      "content-length": "2786"
    },
    "response": "---\ntitle: \"A Brief History of Typography\"\ndate: \"2016-02-02T22:40:32.169Z\"\ntemplate: \"post\"\ndraft: false\ncategory: \"Design Inspiration\"\ntags:\n  - \"Linotype\"\n  - \"Monotype\"\n  - \"History of typography\"\n  - \"Helvetica\"\ndescription: \"Morbi in sem quis dui placerat ornare. Pellentesque odio nisi, euismod in, pharetra a, ultricies in, diam. Sed arcu. Cras consequat.\"\ncanonical: ''\n---\n\n**Pellentesque habitant morbi tristique** senectus et netus et malesuada fames ac turpis egestas. Vestibulum tortor quam, feugiat vitae, ultricies eget, tempor sit amet, ante. Donec eu libero sit amet quam egestas semper. *Aenean ultricies mi vitae est.* Mauris placerat eleifend leo. Quisque sit amet est et sapien ullamcorper pharetra. \n\nVestibulum erat wisi, condimentum sed, commodo vitae, ornare sit amet, wisi. Aenean fermentum, elit eget tincidunt condimentum, eros ipsum rutrum orci, sagittis tempus lacus enim ac dui.  [Donec non enim](#) in turpis pulvinar facilisis.\n\n![Nulla faucibus vestibulum eros in tempus. Vestibulum tempor imperdiet velit nec dapibus](/media/image-0.jpg)\n\n## Header Level 2\n\n+ Lorem ipsum dolor sit amet, consectetuer adipiscing elit.\n+ Aliquam tincidunt mauris eu risus.\n\nDonec non enim in turpis pulvinar facilisis. Ut felis. Praesent dapibus, neque id cursus faucibus, tortor neque egestas augue, eu vulputate magna eros eu erat. Aliquam erat volutpat. \n\n<figure>\n\t<blockquote>\n\t\t<p>Lorem ipsum dolor sit amet, consectetur adipiscing elit. Vivamus magna. Cras in mi at felis aliquet congue. Ut a est eget ligula molestie gravida. Curabitur massa. Donec eleifend, libero at sagittis mollis, tellus est malesuada tellus, at luctus turpis elit sit amet quam. Vivamus pretium ornare est.</p>\n\t\t<footer>\n\t\t\t<cite>â Aliquam tincidunt mauris eu risus.</cite>\n\t\t</footer>\n\t</blockquote>\n</figure>\n\n### Header Level 3\n\n+ Lorem ipsum dolor sit amet, consectetuer adipiscing elit.\n+ Aliquam tincidunt mauris eu risus.\n\nPellentesque habitant morbi tristique senectus et netus et malesuada fames ac turpis egestas. Vestibulum tortor quam, feugiat vitae, ultricies eget, tempor sit amet, ante. Donec eu libero sit amet quam egestas semper. Aenean ultricies mi vitae est. Mauris placerat eleifend leo. Quisque sit amet est et sapien ullamcorper pharetra.\n\n```css\n#header h1 a {\n  display: block;\n  width: 300px;\n  height: 80px;\n}\n```\n\nVestibulum erat wisi, condimentum sed, commodo vitae, ornare sit amet, wisi. Aenean fermentum, elit eget tincidunt condimentum, eros ipsum rutrum orci, sagittis tempus lacus enim ac dui. Donec non enim in turpis pulvinar facilisis. Ut felis. Praesent dapibus, neque id cursus faucibus, tortor neque egestas augue, eu vulputate magna eros eu erat. Aliquam erat volutpat. Nam dui mi, tincidunt quis, accumsan porttitor, facilisis luctus, metus.",
    "status": 200
  },
  {
    "method": "GET",
    "url": "/2.0/repositories/owner/repo/src/53eb7709cda173b8c923b4bef2a51a1ce49d14af/content/posts/2016-01-12---The-Origins-of-Social-Stationery-Lettering.md",
    "headers": {
      "Server": "nginx",
      "Vary": "Authorization",
      "Cache-Control": "max-age=86400",
      "Content-Type": "text/plain",
      "X-OAuth-Scopes": "pullrequest:write, repository:delete, repository:admin, account",
      "Access-Control-Expose-Headers": "Accept-Ranges, Content-Encoding, Content-Length, Content-Type, ETag, Last-Modified",
      "Strict-Transport-Security": "max-age=31536000; includeSubDomains; preload",
      "X-Served-By": "app-1107",
      "Access-Control-Allow-Origin": "*",
      "X-Static-Version": "e1ce49ad4aa3",
      "X-Content-Type-Options": "nosniff",
      "X-Accepted-OAuth-Scopes": "repository",
      "X-Credential-Type": "oauth2",
      "X-Render-Time": "0.0339660644531",
      "Connection": "Keep-Alive",
      "X-Request-Count": "679",
      "X-Frame-Options": "SAMEORIGIN",
      "X-Version": "e1ce49ad4aa3",
      "content-length": "2565"
    },
    "response": "---\ntitle: The Origins of Social Stationery Lettering\ndate: \"2016-12-01T22:40:32.169Z\"\ntemplate: \"post\"\ndraft: false\ncategory: \"Design Culture\"\ndescription: \"Pellentesque habitant morbi tristique senectus et netus et malesuada fames ac turpis egestas. Vestibulum tortor quam, feugiat vitae, ultricies eget, tempor sit amet, ante.\"\ncanonical: ''\n---\n\n**Pellentesque habitant morbi tristique** senectus et netus et malesuada fames ac turpis egestas. Vestibulum tortor quam, feugiat vitae, ultricies eget, tempor sit amet, ante. Donec eu libero sit amet quam egestas semper. *Aenean ultricies mi vitae est.* Mauris placerat eleifend leo. Quisque sit amet est et sapien ullamcorper pharetra. \n\nVestibulum erat wisi, condimentum sed, commodo vitae, ornare sit amet, wisi. Aenean fermentum, elit eget tincidunt condimentum, eros ipsum rutrum orci, sagittis tempus lacus enim ac dui.  [Donec non enim](#) in turpis pulvinar facilisis.\n\n![Nulla faucibus vestibulum eros in tempus. Vestibulum tempor imperdiet velit nec dapibus](/media/image-3.jpg)\n\n## Header Level 2\n\n+ Lorem ipsum dolor sit amet, consectetuer adipiscing elit.\n+ Aliquam tincidunt mauris eu risus.\n\nDonec non enim in turpis pulvinar facilisis. Ut felis. Praesent dapibus, neque id cursus faucibus, tortor neque egestas augue, eu vulputate magna eros eu erat. Aliquam erat volutpat. \n\n<figure>\n\t<blockquote>\n\t\t<p>Lorem ipsum dolor sit amet, consectetur adipiscing elit. Vivamus magna. Cras in mi at felis aliquet congue. Ut a est eget ligula molestie gravida. Curabitur massa. Donec eleifend, libero at sagittis mollis, tellus est malesuada tellus, at luctus turpis elit sit amet quam. Vivamus pretium ornare est.</p>\n\t\t<footer>\n\t\t\t<cite>â Aliquam tincidunt mauris eu risus.</cite>\n\t\t</footer>\n\t</blockquote>\n</figure>\n\n### Header Level 3\n\n+ Lorem ipsum dolor sit amet, consectetuer adipiscing elit.\n+ Aliquam tincidunt mauris eu risus.\n\nPellentesque habitant morbi tristique senectus et netus et malesuada fames ac turpis egestas. Vestibulum tortor quam, feugiat vitae, ultricies eget, tempor sit amet, ante. Donec eu libero sit amet quam egestas semper. Aenean ultricies mi vitae est. Mauris placerat eleifend leo. Quisque sit amet est et sapien ullamcorper pharetra.\n\n```css\n#header h1 a {\n  display: block;\n  width: 300px;\n  height: 80px;\n}\n```\n\nDonec non enim in turpis pulvinar facilisis. Ut felis. Praesent dapibus, neque id cursus faucibus, tortor neque egestas augue, eu vulputate magna eros eu erat. Aliquam erat volutpat. Nam dui mi, tincidunt quis, accumsan porttitor, facilisis luctus, metus.",
    "status": 200
  },
  {
    "method": "GET",
    "url": "/2.0/repositories/owner/repo/commits?path=content/posts/2016-01-09---Perfecting-the-Art-of-Perfection.md&include=master",
    "headers": {
      "Server": "nginx",
      "Vary": "Authorization",
      "Content-Type": "application/json; charset=utf-8",
      "X-OAuth-Scopes": "pullrequest:write, repository:delete, repository:admin, account",
      "Access-Control-Expose-Headers": "Accept-Ranges, Content-Encoding, Content-Length, Content-Type, ETag, Last-Modified",
      "Strict-Transport-Security": "max-age=31536000; includeSubDomains; preload",
      "X-Served-By": "app-1130",
      "Access-Control-Allow-Origin": "*",
      "X-Static-Version": "e1ce49ad4aa3",
      "X-Content-Type-Options": "nosniff",
      "X-Accepted-OAuth-Scopes": "repository",
      "X-Credential-Type": "oauth2",
      "X-Render-Time": "0.129132032394",
      "Connection": "Keep-Alive",
      "X-Request-Count": "545",
      "X-Frame-Options": "SAMEORIGIN",
      "X-Version": "e1ce49ad4aa3",
      "content-length": "2339"
    },
    "response": "{\"pagelen\": 30, \"values\": [{\"rendered\": {\"message\": {\"raw\": \"initial commit\\n\", \"markup\": \"markdown\", \"html\": \"<p>initial commit</p>\", \"type\": \"rendered\"}}, \"hash\": \"2bc3fa39d8adb9e008e52793854338399fc6e4ad\", \"repository\": {\"links\": {\"self\": {\"href\": \"https://api.bitbucket.org/2.0/repositories/owner/repo\"}, \"html\": {\"href\": \"https://bitbucket.org/owner/repo\"}, \"avatar\": {\"href\": \"https://bytebucket.org/ravatar/%7B97c5226e-9ffb-42c4-948d-3d785a9d0c46%7D?ts=default\"}}, \"type\": \"repository\", \"name\": \"repo\", \"full_name\": \"owner/repo\", \"uuid\": \"{97c5226e-9ffb-42c4-948d-3d785a9d0c46}\"}, \"links\": {\"self\": {\"href\": \"https://api.bitbucket.org/2.0/repositories/owner/repo/commit/2bc3fa39d8adb9e008e52793854338399fc6e4ad\"}, \"comments\": {\"href\": \"https://api.bitbucket.org/2.0/repositories/owner/repo/commit/2bc3fa39d8adb9e008e52793854338399fc6e4ad/comments\"}, \"patch\": {\"href\": \"https://api.bitbucket.org/2.0/repositories/owner/repo/patch/2bc3fa39d8adb9e008e52793854338399fc6e4ad\"}, \"html\": {\"href\": \"https://bitbucket.org/owner/repo/commits/2bc3fa39d8adb9e008e52793854338399fc6e4ad\"}, \"diff\": {\"href\": \"https://api.bitbucket.org/2.0/repositories/owner/repo/diff/2bc3fa39d8adb9e008e52793854338399fc6e4ad\"}, \"approve\": {\"href\": \"https://api.bitbucket.org/2.0/repositories/owner/repo/commit/2bc3fa39d8adb9e008e52793854338399fc6e4ad/approve\"}, \"statuses\": {\"href\": \"https://api.bitbucket.org/2.0/repositories/owner/repo/commit/2bc3fa39d8adb9e008e52793854338399fc6e4ad/statuses\"}}, \"author\": {\"raw\": \"ownerkah <ownerkah@users.noreply.github.com>\", \"type\": \"author\"}, \"summary\": {\"raw\": \"initial commit\\n\", \"markup\": \"markdown\", \"html\": \"<p>initial commit</p>\", \"type\": \"rendered\"}, \"parents\": [], \"date\": \"2019-07-24T07:45:32+00:00\", \"message\": \"initial commit\\n\", \"type\": \"commit\"}], \"page\": 1, \"size\": 1}",
    "status": 200
  },
  {
    "method": "GET",
    "url": "/2.0/repositories/owner/repo/commits?path=content/posts/2016-02-02---A-Brief-History-of-Typography.md&include=master",
    "headers": {
      "Server": "nginx",
      "Vary": "Authorization",
      "Content-Type": "application/json; charset=utf-8",
      "X-OAuth-Scopes": "pullrequest:write, repository:delete, repository:admin, account",
      "Access-Control-Expose-Headers": "Accept-Ranges, Content-Encoding, Content-Length, Content-Type, ETag, Last-Modified",
      "Strict-Transport-Security": "max-age=31536000; includeSubDomains; preload",
      "X-Served-By": "app-1118",
      "Access-Control-Allow-Origin": "*",
      "X-Static-Version": "e1ce49ad4aa3",
      "X-Content-Type-Options": "nosniff",
      "X-Accepted-OAuth-Scopes": "repository",
      "X-Credential-Type": "oauth2",
      "X-Render-Time": "0.10692191124",
      "Connection": "Keep-Alive",
      "X-Request-Count": "3224",
      "X-Frame-Options": "SAMEORIGIN",
      "X-Version": "e1ce49ad4aa3",
      "content-length": "2339"
    },
    "response": "{\"pagelen\": 30, \"values\": [{\"rendered\": {\"message\": {\"raw\": \"initial commit\\n\", \"markup\": \"markdown\", \"html\": \"<p>initial commit</p>\", \"type\": \"rendered\"}}, \"hash\": \"2bc3fa39d8adb9e008e52793854338399fc6e4ad\", \"repository\": {\"links\": {\"self\": {\"href\": \"https://api.bitbucket.org/2.0/repositories/owner/repo\"}, \"html\": {\"href\": \"https://bitbucket.org/owner/repo\"}, \"avatar\": {\"href\": \"https://bytebucket.org/ravatar/%7B97c5226e-9ffb-42c4-948d-3d785a9d0c46%7D?ts=default\"}}, \"type\": \"repository\", \"name\": \"repo\", \"full_name\": \"owner/repo\", \"uuid\": \"{97c5226e-9ffb-42c4-948d-3d785a9d0c46}\"}, \"links\": {\"self\": {\"href\": \"https://api.bitbucket.org/2.0/repositories/owner/repo/commit/2bc3fa39d8adb9e008e52793854338399fc6e4ad\"}, \"comments\": {\"href\": \"https://api.bitbucket.org/2.0/repositories/owner/repo/commit/2bc3fa39d8adb9e008e52793854338399fc6e4ad/comments\"}, \"patch\": {\"href\": \"https://api.bitbucket.org/2.0/repositories/owner/repo/patch/2bc3fa39d8adb9e008e52793854338399fc6e4ad\"}, \"html\": {\"href\": \"https://bitbucket.org/owner/repo/commits/2bc3fa39d8adb9e008e52793854338399fc6e4ad\"}, \"diff\": {\"href\": \"https://api.bitbucket.org/2.0/repositories/owner/repo/diff/2bc3fa39d8adb9e008e52793854338399fc6e4ad\"}, \"approve\": {\"href\": \"https://api.bitbucket.org/2.0/repositories/owner/repo/commit/2bc3fa39d8adb9e008e52793854338399fc6e4ad/approve\"}, \"statuses\": {\"href\": \"https://api.bitbucket.org/2.0/repositories/owner/repo/commit/2bc3fa39d8adb9e008e52793854338399fc6e4ad/statuses\"}}, \"author\": {\"raw\": \"ownerkah <ownerkah@users.noreply.github.com>\", \"type\": \"author\"}, \"summary\": {\"raw\": \"initial commit\\n\", \"markup\": \"markdown\", \"html\": \"<p>initial commit</p>\", \"type\": \"rendered\"}, \"parents\": [], \"date\": \"2019-07-24T07:45:32+00:00\", \"message\": \"initial commit\\n\", \"type\": \"commit\"}], \"page\": 1, \"size\": 1}",
    "status": 200
  },
  {
    "method": "GET",
    "url": "/2.0/repositories/owner/repo/commits?path=content/posts/2016-01-12---The-Origins-of-Social-Stationery-Lettering.md&include=master",
    "headers": {
      "Server": "nginx",
      "Vary": "Authorization",
      "Content-Type": "application/json; charset=utf-8",
      "X-OAuth-Scopes": "pullrequest:write, repository:delete, repository:admin, account",
      "Access-Control-Expose-Headers": "Accept-Ranges, Content-Encoding, Content-Length, Content-Type, ETag, Last-Modified",
      "Strict-Transport-Security": "max-age=31536000; includeSubDomains; preload",
      "X-Served-By": "app-1105",
      "Access-Control-Allow-Origin": "*",
      "X-Static-Version": "e1ce49ad4aa3",
      "X-Content-Type-Options": "nosniff",
      "X-Accepted-OAuth-Scopes": "repository",
      "X-Credential-Type": "oauth2",
      "X-Render-Time": "0.130092144012",
      "Connection": "Keep-Alive",
      "X-Request-Count": "968",
      "X-Frame-Options": "SAMEORIGIN",
      "X-Version": "e1ce49ad4aa3",
      "content-length": "2339"
    },
    "response": "{\"pagelen\": 30, \"values\": [{\"rendered\": {\"message\": {\"raw\": \"initial commit\\n\", \"markup\": \"markdown\", \"html\": \"<p>initial commit</p>\", \"type\": \"rendered\"}}, \"hash\": \"2bc3fa39d8adb9e008e52793854338399fc6e4ad\", \"repository\": {\"links\": {\"self\": {\"href\": \"https://api.bitbucket.org/2.0/repositories/owner/repo\"}, \"html\": {\"href\": \"https://bitbucket.org/owner/repo\"}, \"avatar\": {\"href\": \"https://bytebucket.org/ravatar/%7B97c5226e-9ffb-42c4-948d-3d785a9d0c46%7D?ts=default\"}}, \"type\": \"repository\", \"name\": \"repo\", \"full_name\": \"owner/repo\", \"uuid\": \"{97c5226e-9ffb-42c4-948d-3d785a9d0c46}\"}, \"links\": {\"self\": {\"href\": \"https://api.bitbucket.org/2.0/repositories/owner/repo/commit/2bc3fa39d8adb9e008e52793854338399fc6e4ad\"}, \"comments\": {\"href\": \"https://api.bitbucket.org/2.0/repositories/owner/repo/commit/2bc3fa39d8adb9e008e52793854338399fc6e4ad/comments\"}, \"patch\": {\"href\": \"https://api.bitbucket.org/2.0/repositories/owner/repo/patch/2bc3fa39d8adb9e008e52793854338399fc6e4ad\"}, \"html\": {\"href\": \"https://bitbucket.org/owner/repo/commits/2bc3fa39d8adb9e008e52793854338399fc6e4ad\"}, \"diff\": {\"href\": \"https://api.bitbucket.org/2.0/repositories/owner/repo/diff/2bc3fa39d8adb9e008e52793854338399fc6e4ad\"}, \"approve\": {\"href\": \"https://api.bitbucket.org/2.0/repositories/owner/repo/commit/2bc3fa39d8adb9e008e52793854338399fc6e4ad/approve\"}, \"statuses\": {\"href\": \"https://api.bitbucket.org/2.0/repositories/owner/repo/commit/2bc3fa39d8adb9e008e52793854338399fc6e4ad/statuses\"}}, \"author\": {\"raw\": \"ownerkah <ownerkah@users.noreply.github.com>\", \"type\": \"author\"}, \"summary\": {\"raw\": \"initial commit\\n\", \"markup\": \"markdown\", \"html\": \"<p>initial commit</p>\", \"type\": \"rendered\"}, \"parents\": [], \"date\": \"2019-07-24T07:45:32+00:00\", \"message\": \"initial commit\\n\", \"type\": \"commit\"}], \"page\": 1, \"size\": 1}",
    "status": 200
  },
  {
    "method": "GET",
    "url": "/2.0/repositories/owner/repo/src/53eb7709cda173b8c923b4bef2a51a1ce49d14af/content/posts/2017-18-08---The-Birth-of-Movable-Type.md",
    "headers": {
      "Server": "nginx",
      "Vary": "Authorization",
      "Cache-Control": "max-age=86400",
      "Content-Type": "text/plain",
      "X-OAuth-Scopes": "pullrequest:write, repository:delete, repository:admin, account",
      "Access-Control-Expose-Headers": "Accept-Ranges, Content-Encoding, Content-Length, Content-Type, ETag, Last-Modified",
      "Strict-Transport-Security": "max-age=31536000; includeSubDomains; preload",
      "X-Served-By": "app-1117",
      "Access-Control-Allow-Origin": "*",
      "X-Static-Version": "e1ce49ad4aa3",
      "X-Content-Type-Options": "nosniff",
      "X-Accepted-OAuth-Scopes": "repository",
      "X-Credential-Type": "oauth2",
      "X-Render-Time": "0.0409491062164",
      "Connection": "Keep-Alive",
      "X-Request-Count": "1024",
      "X-Frame-Options": "SAMEORIGIN",
      "X-Version": "e1ce49ad4aa3",
      "content-length": "16071"
    },
    "response": "---\ntitle: \"Johannes Gutenberg: The Birth of Movable Type\"\ndate: \"2017-08-18T22:12:03.284Z\"\ntemplate: \"post\"\ndraft: false\ncategory: \"Typography\"\ntags:\n  - \"Open source\"\n  - \"Gatsby\"\n  - \"Typography\"\ndescription: \"German inventor Johannes Gutenberg developed a method of movable type and used it to create one of the western worldâs first major printed books, the âFortyâTwoâLineâ Bible.\"\ncanonical: ''\n---\n\nGerman inventor Johannes Gutenberg developed a method of movable type and used it to create one of the western worldâs first major printed books, the âFortyâTwoâLineâ Bible.\n\n**Johannes Gensfleisch zur Laden zum Gutenberg** (c. 1398 â 1468) was a German blacksmith, goldsmith, printer, and publisher who introduced printing to Europe. His invention of mechanical movable type printing started the Printing Revolution and is widely regarded as the most important event of the modern period. It played a key role in the development of the Renaissance, Reformation, the Age of Enlightenment, and the Scientific revolution and laid the material basis for the modern knowledge-based economy and the spread of learning to the masses.\n\n<figure class=\"float-right\" style=\"width: 240px\">\n\t<img src=\"/media/gutenberg.jpg\" alt=\"Gutenberg\">\n\t<figcaption>Johannes Gutenberg</figcaption>\n</figure>\n\nWith his invention of the printing press, Gutenberg was the first European to use movable type printing, in around 1439. Among his many contributions to printing are: the invention of a process for mass-producing movable type; the use of oil-based ink; and the use of a wooden printing press similar to the agricultural screw presses of the period. His truly epochal invention was the combination of these elements into a practical system that allowed the mass production of printed books and was economically viable for printers and readers alike. Gutenberg's method for making type is traditionally considered to have included a type metal alloy and a hand mould for casting type. The alloy was a mixture of lead, tin, and antimony that melted at a relatively low temperature for faster and more economical casting, cast well, and created a durable type.\n\nIn Renaissance Europe, the arrival of mechanical movable type printing introduced the era of mass communication which permanently altered the structure of society. The relatively unrestricted circulation of information â including revolutionary ideas â transcended borders, captured the masses in the Reformation and threatened the power of political and religious authorities; the sharp increase in literacy broke the monopoly of the literate elite on education and learning and bolstered the emerging middle class. Across Europe, the increasing cultural self-awareness of its people led to the rise of proto-nationalism, accelerated by the flowering of the European vernacular languages to the detriment of Latin's status as lingua franca. In the 19th century, the replacement of the hand-operated Gutenberg-style press by steam-powered rotary presses allowed printing on an industrial scale, while Western-style printing was adopted all over the world, becoming practically the sole medium for modern bulk printing.\n\nThe use of movable type was a marked improvement on the handwritten manuscript, which was the existing method of book production in Europe, and upon woodblock printing, and revolutionized European book-making. Gutenberg's printing technology spread rapidly throughout Europe and later the world.\n\nHis major work, the Gutenberg Bible (also known as the 42-line Bible), has been acclaimed for its high aesthetic and technical quality.\n\n## Printing Press\n\nAround 1439, Gutenberg was involved in a financial misadventure making polished metal mirrors (which were believed to capture holy light from religious relics) for sale to pilgrims to Aachen: in 1439 the city was planning to exhibit its collection of relics from Emperor Charlemagne but the event was delayed by one year due to a severe flood and the capital already spent could not be repaid. When the question of satisfying the investors came up, Gutenberg is said to have promised to share a âsecretâ. It has been widely speculated that this secret may have been the idea of printing with movable type. Also around 1439â1440, the Dutch Laurens Janszoon Coster came up with the idea of printing. Legend has it that the idea came to him âlike a ray of lightâ.\n\n<figure class=\"float-left\" style=\"width: 240px\">\n\t<img src=\"/media/printing-press.jpg\" alt=\"Early Printing Press\">\n\t<figcaption>Early wooden printing press as depicted in 1568.</figcaption>\n</figure>\n\nUntil at least 1444 he lived in Strasbourg, most likely in the St. Arbogast parish. It was in Strasbourg in 1440 that Gutenberg is said to have perfected and unveiled the secret of printing based on his research, mysteriously entitled Kunst und Aventur (art and enterprise). It is not clear what work he was engaged in, or whether some early trials with printing from movable type may have been conducted there. After this, there is a gap of four years in the record. In 1448, he was back in Mainz, where he took out a loan from his brother-in-law Arnold Gelthus, quite possibly for a printing press or related paraphernalia. By this date, Gutenberg may have been familiar with intaglio printing; it is claimed that he had worked on copper engravings with an artist known as the Master of Playing Cards.\n\nBy 1450, the press was in operation, and a German poem had been printed, possibly the first item to be printed there. Gutenberg was able to convince the wealthy moneylender Johann Fust for a loan of 800 guilders. Peter SchÃ¶ffer, who became Fustâs son-in-law, also joined the enterprise. SchÃ¶ffer had worked as a scribe in Paris and is believed to have designed some of the first typefaces.\n\n<figure>\n\t<blockquote>\n\t\t<p>All that has been written to me about that marvelous man seen at Frankfurt is true. I have not seen complete Bibles but only a number of quires of various books of the Bible. The script was very neat and legible, not at all difficult to followâyour grace would be able to read it without effort, and indeed without glasses.</p>\n\t\t<footer>\n\t\t\t<cite>âFuture pope Pius II in a letter to Cardinal Carvajal, March 1455</cite>\n\t\t</footer>\n\t</blockquote>\n</figure>\n\nGutenberg's workshop was set up at Hof Humbrecht, a property belonging to a distant relative. It is not clear when Gutenberg conceived the Bible project, but for this he borrowed another 800 guilders from Fust, and work commenced in 1452. At the same time, the press was also printing other, more lucrative texts (possibly Latin grammars). There is also some speculation that there may have been two presses, one for the pedestrian texts, and one for the Bible. One of the profit-making enterprises of the new press was the printing of thousands of indulgences for the church, documented from 1454â55.\n\nIn 1455 Gutenberg completed his 42-line Bible, known as the Gutenberg Bible. About 180 copies were printed, most on paper and some on vellum.\n\n## Court Case\n\nSome time in 1456, there was a dispute between Gutenberg and Fust, and Fust demanded his money back, accusing Gutenberg of misusing the funds. Meanwhile the expenses of the Bible project had proliferated, and Gutenberg's debt now exceeded 20,000 guilders. Fust sued at the archbishop's court. A November 1455 legal document records that there was a partnership for a \"project of the books,\" the funds for which Gutenberg had used for other purposes, according to Fust. The court decided in favor of Fust, giving him control over the Bible printing workshop and half of all printed Bibles.\n\nThus Gutenberg was effectively bankrupt, but it appears he retained (or re-started) a small printing shop, and participated in the printing of a Bible in the town of Bamberg around 1459, for which he seems at least to have supplied the type. But since his printed books never carry his name or a date, it is difficult to be certain, and there is consequently a considerable scholarly debate on this subject. It is also possible that the large Catholicon dictionary, 300 copies of 754 pages, printed in Mainz in 1460, may have been executed in his workshop.\n\nMeanwhile, the FustâSchÃ¶ffer shop was the first in Europe to bring out a book with the printer's name and date, the Mainz Psalter of August 1457, and while proudly proclaiming the mechanical process by which it had been produced, it made no mention of Gutenberg.\n\n## Later Life\n\nIn 1462, during a conflict between two archbishops, Mainz was sacked by archbishop Adolph von Nassau, and Gutenberg was exiled. An old man by now, he moved to Eltville where he may have initiated and supervised a new printing press belonging to the brothers BechtermÃ¼nze.\n\nIn January 1465, Gutenberg's achievements were recognized and he was given the title Hofmann (gentleman of the court) by von Nassau. This honor included a stipend, an annual court outfit, as well as 2,180 litres of grain and 2,000 litres of wine tax-free. It is believed he may have moved back to Mainz around this time, but this is not certain.\n\n***\n\nGutenberg died in 1468 and was buried in the Franciscan church at Mainz, his contributions largely unknown. This church and the cemetery were later destroyed, and Gutenberg's grave is now lost.\n\nIn 1504, he was mentioned as the inventor of typography in a book by Professor Ivo Wittig. It was not until 1567 that the first portrait of Gutenberg, almost certainly an imaginary reconstruction, appeared in Heinrich Pantaleon's biography of famous Germans.\n\n## Printing Method With Movable Type\n\nGutenberg's early printing process, and what tests he may have made with movable type, are not known in great detail. His later Bibles were printed in such a way as to have required large quantities of type, some estimates suggesting as many as 100,000 individual sorts. Setting each page would take, perhaps, half a day, and considering all the work in loading the press, inking the type, pulling the impressions, hanging up the sheets, distributing the type, etc., it is thought that the GutenbergâFust shop might have employed as many as 25 craftsmen.\n\n![Movable metal type, and composing stick, descended from Gutenberg's press. Photo by Willi Heidelbach. Licensed under CC BY 2.5](/media/movable-type.jpg)\n\n*Movable metal type, and composing stick, descended from Gutenberg's press. Photo by Willi Heidelbach. Licensed under CC BY 2.5*\n\nGutenberg's technique of making movable type remains unclear. In the following decades, punches and copper matrices became standardized in the rapidly disseminating printing presses across Europe. Whether Gutenberg used this sophisticated technique or a somewhat primitive version has been the subject of considerable debate.\n\nIn the standard process of making type, a hard metal punch (made by punchcutting, with the letter carved back to front) is hammered into a softer copper bar, creating a matrix. This is then placed into a hand-held mould and a piece of type, or \"sort\", is cast by filling the mould with molten type-metal; this cools almost at once, and the resulting piece of type can be removed from the mould. The matrix can be reused to create hundreds, or thousands, of identical sorts so that the same character appearing anywhere within the book will appear very uniform, giving rise, over time, to the development of distinct styles of typefaces or fonts. After casting, the sorts are arranged into type-cases, and used to make up pages which are inked and printed, a procedure which can be repeated hundreds, or thousands, of times. The sorts can be reused in any combination, earning the process the name of âmovable typeâ.\n\nThe invention of the making of types with punch, matrix and mold has been widely attributed to Gutenberg. However, recent evidence suggests that Gutenberg's process was somewhat different. If he used the punch and matrix approach, all his letters should have been nearly identical, with some variations due to miscasting and inking. However, the type used in Gutenberg's earliest work shows other variations.\n\n<figure>\n\t<blockquote>\n\t\t<p>It is a press, certainly, but a press from which shall flow in inexhaustible streamsâ¦ Through it, god will spread his word.</p>\n\t\t<footer>\n\t\t\t<cite>âJohannes Gutenberg</cite>\n\t\t</footer>\n\t</blockquote>\n</figure>\n\nIn 2001, the physicist Blaise AgÃ¼era y Arcas and Princeton librarian Paul Needham, used digital scans of a Papal bull in the Scheide Library, Princeton, to carefully compare the same letters (types) appearing in different parts of the printed text. The irregularities in Gutenberg's type, particularly in simple characters such as the hyphen, suggested that the variations could not have come from either ink smear or from wear and damage on the pieces of metal on the types themselves. While some identical types are clearly used on other pages, other variations, subjected to detailed image analysis, suggested that they could not have been produced from the same matrix. Transmitted light pictures of the page also appeared to reveal substructures in the type that could not arise from traditional punchcutting techniques. They hypothesized that the method may have involved impressing simple shapes to create alphabets in âcuneiformâ style in a matrix made of some soft material, perhaps sand. Casting the type would destroy the mould, and the matrix would need to be recreated to make each additional sort. This could explain the variations in the type, as well as the substructures observed in the printed images.\n\nThus, they feel that âthe decisive factor for the birth of typographyâ, the use of reusable moulds for casting type, might have been a more progressive process than was previously thought. They suggest that the additional step of using the punch to create a mould that could be reused many times was not taken until twenty years later, in the 1470s. Others have not accepted some or all of their suggestions, and have interpreted the evidence in other ways, and the truth of the matter remains very uncertain.\n\nA 1568 history by Hadrianus Junius of Holland claims that the basic idea of the movable type came to Gutenberg from Laurens Janszoon Coster via Fust, who was apprenticed to Coster in the 1430s and may have brought some of his equipment from Haarlem to Mainz. While Coster appears to have experimented with moulds and castable metal type, there is no evidence that he had actually printed anything with this technology. He was an inventor and a goldsmith. However, there is one indirect supporter of the claim that Coster might be the inventor. The author of the Cologne Chronicle of 1499 quotes Ulrich Zell, the first printer of Cologne, that printing was performed in Mainz in 1450, but that some type of printing of lower quality had previously occurred in the Netherlands. However, the chronicle does not mention the name of Coster, while it actually credits Gutenberg as the \"first inventor of printing\" in the very same passage (fol. 312). The first securely dated book by Dutch printers is from 1471, and the Coster connection is today regarded as a mere legend.\n\nThe 19th century printer and typefounder Fournier Le Jeune suggested that Gutenberg might not have been using type cast with a reusable matrix, but possibly wooden types that were carved individually. A similar suggestion was made by Nash in 2004. This remains possible, albeit entirely unproven.\n\nIt has also been questioned whether Gutenberg used movable types at all. In 2004, Italian professor Bruno Fabbiani claimed that examination of the 42-line Bible revealed an overlapping of letters, suggesting that Gutenberg did not in fact use movable type (individual cast characters) but rather used whole plates made from a system somewhat like a modern typewriter, whereby the letters were stamped successively into the plate and then printed. However, most specialists regard the occasional overlapping of type as caused by paper movement over pieces of type of slightly unequal height.",
    "status": 200
  },
  {
    "method": "GET",
    "url": "/2.0/repositories/owner/repo/commits?path=content/posts/2017-18-08---The-Birth-of-Movable-Type.md&include=master",
    "headers": {
      "Server": "nginx",
      "Vary": "Authorization",
      "Content-Type": "application/json; charset=utf-8",
      "X-OAuth-Scopes": "pullrequest:write, repository:delete, repository:admin, account",
      "Access-Control-Expose-Headers": "Accept-Ranges, Content-Encoding, Content-Length, Content-Type, ETag, Last-Modified",
      "Strict-Transport-Security": "max-age=31536000; includeSubDomains; preload",
      "X-Served-By": "app-1107",
      "Access-Control-Allow-Origin": "*",
      "X-Static-Version": "e1ce49ad4aa3",
      "X-Content-Type-Options": "nosniff",
      "X-Accepted-OAuth-Scopes": "repository",
      "X-Credential-Type": "oauth2",
      "X-Render-Time": "0.10061788559",
      "Connection": "Keep-Alive",
      "X-Request-Count": "2979",
      "X-Frame-Options": "SAMEORIGIN",
      "X-Version": "e1ce49ad4aa3",
      "content-length": "2339"
    },
    "response": "{\"pagelen\": 30, \"values\": [{\"rendered\": {\"message\": {\"raw\": \"initial commit\\n\", \"markup\": \"markdown\", \"html\": \"<p>initial commit</p>\", \"type\": \"rendered\"}}, \"hash\": \"2bc3fa39d8adb9e008e52793854338399fc6e4ad\", \"repository\": {\"links\": {\"self\": {\"href\": \"https://api.bitbucket.org/2.0/repositories/owner/repo\"}, \"html\": {\"href\": \"https://bitbucket.org/owner/repo\"}, \"avatar\": {\"href\": \"https://bytebucket.org/ravatar/%7B97c5226e-9ffb-42c4-948d-3d785a9d0c46%7D?ts=default\"}}, \"type\": \"repository\", \"name\": \"repo\", \"full_name\": \"owner/repo\", \"uuid\": \"{97c5226e-9ffb-42c4-948d-3d785a9d0c46}\"}, \"links\": {\"self\": {\"href\": \"https://api.bitbucket.org/2.0/repositories/owner/repo/commit/2bc3fa39d8adb9e008e52793854338399fc6e4ad\"}, \"comments\": {\"href\": \"https://api.bitbucket.org/2.0/repositories/owner/repo/commit/2bc3fa39d8adb9e008e52793854338399fc6e4ad/comments\"}, \"patch\": {\"href\": \"https://api.bitbucket.org/2.0/repositories/owner/repo/patch/2bc3fa39d8adb9e008e52793854338399fc6e4ad\"}, \"html\": {\"href\": \"https://bitbucket.org/owner/repo/commits/2bc3fa39d8adb9e008e52793854338399fc6e4ad\"}, \"diff\": {\"href\": \"https://api.bitbucket.org/2.0/repositories/owner/repo/diff/2bc3fa39d8adb9e008e52793854338399fc6e4ad\"}, \"approve\": {\"href\": \"https://api.bitbucket.org/2.0/repositories/owner/repo/commit/2bc3fa39d8adb9e008e52793854338399fc6e4ad/approve\"}, \"statuses\": {\"href\": \"https://api.bitbucket.org/2.0/repositories/owner/repo/commit/2bc3fa39d8adb9e008e52793854338399fc6e4ad/statuses\"}}, \"author\": {\"raw\": \"ownerkah <ownerkah@users.noreply.github.com>\", \"type\": \"author\"}, \"summary\": {\"raw\": \"initial commit\\n\", \"markup\": \"markdown\", \"html\": \"<p>initial commit</p>\", \"type\": \"rendered\"}, \"parents\": [], \"date\": \"2019-07-24T07:45:32+00:00\", \"message\": \"initial commit\\n\", \"type\": \"commit\"}], \"page\": 1, \"size\": 1}",
    "status": 200
  },
  {
    "method": "GET",
    "url": "/2.0/repositories/owner/repo/src/53eb7709cda173b8c923b4bef2a51a1ce49d14af/content/posts/2017-19-08---Humane-Typography-in-the-Digital-Age.md",
    "headers": {
      "Server": "nginx",
      "Vary": "Authorization",
      "Cache-Control": "max-age=86400",
      "Content-Type": "text/plain",
      "X-OAuth-Scopes": "pullrequest:write, repository:delete, repository:admin, account",
      "Access-Control-Expose-Headers": "Accept-Ranges, Content-Encoding, Content-Length, Content-Type, ETag, Last-Modified",
      "Strict-Transport-Security": "max-age=31536000; includeSubDomains; preload",
      "X-Served-By": "app-1131",
      "Access-Control-Allow-Origin": "*",
      "X-Static-Version": "e1ce49ad4aa3",
      "X-Content-Type-Options": "nosniff",
      "X-Accepted-OAuth-Scopes": "repository",
      "X-Credential-Type": "oauth2",
      "X-Render-Time": "0.0336420536041",
      "Connection": "Keep-Alive",
      "X-Request-Count": "181",
      "X-Frame-Options": "SAMEORIGIN",
      "X-Version": "e1ce49ad4aa3",
      "content-length": "7465"
    },
    "response": "---\ntitle: Humane Typography in the Digital Age\ndate: \"2017-08-19T22:40:32.169Z\"\ntemplate: \"post\"\ndraft: false\ncategory: \"Typography\"\ntags:\n  - \"Design\"\n  - \"Typography\"\n  - \"Web Development\"\ndescription: \"An Essay on Typography by Eric Gill takes the reader back to the year 1930. The year when a conflict between two worlds came to its term. The machines of the industrial world finally took over the handicrafts.\"\ncanonical: ''\n---\n\n- [The first transition](#the-first-transition)\n- [The digital age](#the-digital-age)\n- [Loss of humanity through transitions](#loss-of-humanity-through-transitions)\n- [Chasing perfection](#chasing-perfection)\n\nAn Essay on Typography by Eric Gill takes the reader back to the year 1930. The year when a conflict between two worlds came to its term. The machines of the industrial world finally took over the handicrafts.\n\nThe typography of this industrial age was no longer handcrafted. Mass production and profit became more important. Quantity mattered more than the quality. The books and printed works in general lost a part of its humanity. The typefaces were not produced by craftsmen anymore. It was the machines printing and tying the books together now. The craftsmen had to let go of their craft and became a cog in the process. An extension of the industrial machine.\n\nBut the victory of the industrialism didnât mean that the craftsmen were completely extinct. The two worlds continued to coexist independently. Each recognising the good in the other â the power of industrialism and the humanity of craftsmanship. This was the second transition that would strip typography of a part of its humanity. We have to go 500 years back in time to meet the first one.\n\n## The first transition\n\nA similar conflict emerged after the invention of the first printing press in Europe. Johannes Gutenberg invented movable type and used it to produce different compositions. His workshop could print up to 240 impressions per hour. Until then, the books were being copied by hand. All the books were handwritten and decorated with hand drawn ornaments and figures. A process of copying a book was long but each book, even a copy, was a work of art.\n\nThe first printed books were, at first, perceived as inferior to the handwritten ones. They were smaller and cheaper to produce. Movable type provided the printers with flexibility that allowed them to print books in languages other than Latin. Gill describes the transition to industrialism as something that people needed and wanted. Something similar happened after the first printed books emerged. People wanted books in a language they understood and they wanted books they could take with them. They were hungry for knowledge and printed books satisfied this hunger.\n\n![42-line-bible.jpg](/media/42-line-bible.jpg)\n\n*The 42âLine Bible, printed by Gutenberg.*\n\nBut, through this transition, the book lost a large part of its humanity. The machine took over most of the process but craftsmanship was still a part of it. The typefaces were cut manually by the first punch cutters. The paper was made by hand. The illustrations and ornaments were still being hand drawn. These were the remains of the craftsmanship that went almost extinct in the times of Eric Gill.\n\n## The digital age\n\nThe first transition took away a large part of humanity from written communication. Industrialisation, the second transition described by Eric Gill, took away most of what was left. But itâs the third transition that stripped it naked. Typefaces are faceless these days. Theyâre just fonts on our computers. Hardly anyone knows their stories. Hardly anyone cares. Flicking through thousands of typefaces and finding the âright oneâ is a matter of minutes.\n\n> In the new computer age the proliferation of typefaces and type manipulations represents a new level of visual pollution threatening our culture. Out of thousands of typefaces, all we need are a few basic ones, and trash the rest.\n>\nâ Massimo Vignelli\n\nTypography is not about typefaces. Itâs not about what looks best, itâs about what feels right. What communicates the message best. Typography, in its essence, is about the message. âTypographical design should perform optically what the speaker creates through voice and gesture of his thoughts.â, as El Lissitzky, a famous Russian typographer, put it.\n\n## Loss of humanity through transitions\n\nEach transition took away a part of humanity from written language. Handwritten books being the most humane form and the digital typefaces being the least. Overuse of Helvetica is a good example. Messages are being told in a typeface just because itâs a safe option. Itâs always there. Everyone knows it but yet, nobody knows it. Stop someone on the street and ask him what Helvetica is? Ask a designer the same question. Ask him where it came from, when, why and who designed it. Most of them will fail to answer these questions. Most of them used it in their precious projects but they still donât spot it in the street.\n\n<figure>\n\t<blockquote>\n\t\t<p>Knowledge of the quality of a typeface is of the greatest importance for the functional, aesthetic and psychological effect.</p>\n\t\t<footer>\n\t\t\t<cite>â Josef Mueller-Brockmann</cite>\n\t\t</footer>\n\t</blockquote>\n</figure>\n\nTypefaces donât look handmade these days. And thatâs all right. They donât have to. Industrialism took that away from them and weâre fine with it. Weâve traded that part of humanity for a process that produces more books that are easier to read. That canât be bad. And it isnât.\n\n> Humane typography will often be comparatively rough and even uncouth; but while a certain uncouthness does not seriously matter in humane works, uncouthness has no excuse whatever in the productions of the machine.\n>\n> â Eric Gill\n\nWeâve come close to âperfectionâ in the last five centuries. The letters are crisp and without rough edges. We print our compositions with highâprecision printers on a high quality, machine made paper.\n\n![type-through-time.jpg](/media/type-through-time.jpg)\n\n*Type through 5 centuries.*\n\nWe lost a part of ourselves because of this chase after perfection. We forgot about the craftsmanship along the way. And the worst part is that we donât care. The transition to the digital age made that clear. We choose typefaces like clueless zombies. Thereâs no meaning in our work. Type sizes, leading, marginsâ¦ Itâs all just a few clicks or lines of code. The message isnât important anymore. Thereâs no more âwhyâ behind the âwhatâ.\n\n## Chasing perfection\n\nHuman beings arenât perfect. Perfection is something that will always elude us. There will always be a small part of humanity in everything we do. No matter how small that part, we should make sure that it transcends the limits of the medium. We have to think about the message first. What typeface should we use and why? Does the typeface match the message and what we want to communicate with it? What will be the leading and why? Will there be more typefaces in our design? On what ground will they be combined? What makes our design unique and why? This is the part of humanity that is left in typography. It might be the last part. Are we really going to give it up?\n\n*Originally published by [Matej Latin](http://matejlatin.co.uk/) on [Medium](https://medium.com/design-notes/humane-typography-in-the-digital-age-9bd5c16199bd?ref=webdesignernews.com#.lygo82z0x).*",
    "status": 200
  },
  {
    "method": "GET",
    "url": "/2.0/repositories/owner/repo/commits?path=content/posts/2017-19-08---Humane-Typography-in-the-Digital-Age.md&include=master",
    "headers": {
      "Server": "nginx",
      "Vary": "Authorization",
      "Content-Type": "application/json; charset=utf-8",
      "X-OAuth-Scopes": "pullrequest:write, repository:delete, repository:admin, account",
      "Access-Control-Expose-Headers": "Accept-Ranges, Content-Encoding, Content-Length, Content-Type, ETag, Last-Modified",
      "Strict-Transport-Security": "max-age=31536000; includeSubDomains; preload",
      "X-Served-By": "app-1141",
      "Access-Control-Allow-Origin": "*",
      "X-Static-Version": "e1ce49ad4aa3",
      "X-Content-Type-Options": "nosniff",
      "X-Accepted-OAuth-Scopes": "repository",
      "X-Credential-Type": "oauth2",
      "X-Render-Time": "0.120907068253",
      "Connection": "Keep-Alive",
      "X-Request-Count": "5021",
      "X-Frame-Options": "SAMEORIGIN",
      "X-Version": "e1ce49ad4aa3",
      "content-length": "2339"
    },
    "response": "{\"pagelen\": 30, \"values\": [{\"rendered\": {\"message\": {\"raw\": \"initial commit\\n\", \"markup\": \"markdown\", \"html\": \"<p>initial commit</p>\", \"type\": \"rendered\"}}, \"hash\": \"2bc3fa39d8adb9e008e52793854338399fc6e4ad\", \"repository\": {\"links\": {\"self\": {\"href\": \"https://api.bitbucket.org/2.0/repositories/owner/repo\"}, \"html\": {\"href\": \"https://bitbucket.org/owner/repo\"}, \"avatar\": {\"href\": \"https://bytebucket.org/ravatar/%7B97c5226e-9ffb-42c4-948d-3d785a9d0c46%7D?ts=default\"}}, \"type\": \"repository\", \"name\": \"repo\", \"full_name\": \"owner/repo\", \"uuid\": \"{97c5226e-9ffb-42c4-948d-3d785a9d0c46}\"}, \"links\": {\"self\": {\"href\": \"https://api.bitbucket.org/2.0/repositories/owner/repo/commit/2bc3fa39d8adb9e008e52793854338399fc6e4ad\"}, \"comments\": {\"href\": \"https://api.bitbucket.org/2.0/repositories/owner/repo/commit/2bc3fa39d8adb9e008e52793854338399fc6e4ad/comments\"}, \"patch\": {\"href\": \"https://api.bitbucket.org/2.0/repositories/owner/repo/patch/2bc3fa39d8adb9e008e52793854338399fc6e4ad\"}, \"html\": {\"href\": \"https://bitbucket.org/owner/repo/commits/2bc3fa39d8adb9e008e52793854338399fc6e4ad\"}, \"diff\": {\"href\": \"https://api.bitbucket.org/2.0/repositories/owner/repo/diff/2bc3fa39d8adb9e008e52793854338399fc6e4ad\"}, \"approve\": {\"href\": \"https://api.bitbucket.org/2.0/repositories/owner/repo/commit/2bc3fa39d8adb9e008e52793854338399fc6e4ad/approve\"}, \"statuses\": {\"href\": \"https://api.bitbucket.org/2.0/repositories/owner/repo/commit/2bc3fa39d8adb9e008e52793854338399fc6e4ad/statuses\"}}, \"author\": {\"raw\": \"ownerkah <ownerkah@users.noreply.github.com>\", \"type\": \"author\"}, \"summary\": {\"raw\": \"initial commit\\n\", \"markup\": \"markdown\", \"html\": \"<p>initial commit</p>\", \"type\": \"rendered\"}, \"parents\": [], \"date\": \"2019-07-24T07:45:32+00:00\", \"message\": \"initial commit\\n\", \"type\": \"commit\"}], \"page\": 1, \"size\": 1}",
    "status": 200
  },
  {
    "body": "------WebKitFormBoundarylqeaNOpGJEYhUJbZ\r\nContent-Disposition: form-data; name=\"static/media/netlify.png\"; filename=\"netlify.png\"\r\nContent-Type: text/plain\r\n\r\nversion https://git-lfs.github.com/spec/v1\noid sha256:b1d40c19b912d2130d1bed8ff1a62a55c7d932978502e1d8559eb77951c5e8d3\nsize 3470\n\r\n------WebKitFormBoundarylqeaNOpGJEYhUJbZ\r\nContent-Disposition: form-data; name=\"message\"\r\n\r\nUpload âstatic/media/netlify.pngâ\r\n------WebKitFormBoundarylqeaNOpGJEYhUJbZ\r\nContent-Disposition: form-data; name=\"branch\"\r\n\r\nmaster\r\n------WebKitFormBoundarylqeaNOpGJEYhUJbZ--\r\n",
    "method": "POST",
    "url": "/2.0/repositories/owner/repo/src",
    "headers": {
      "Server": "nginx",
      "Vary": "Authorization",
      "Content-Type": "text/html; charset=utf-8",
      "X-OAuth-Scopes": "pullrequest:write, repository:delete, repository:admin, account",
      "Access-Control-Expose-Headers": "Accept-Ranges, Content-Encoding, Content-Length, Content-Type, ETag, Last-Modified",
      "Strict-Transport-Security": "max-age=31536000; includeSubDomains; preload",
      "Location": "https://api.bitbucket.org/2.0/repositories/owner/repo/commit/54a396fc55de7085e06ad69751df39af4a6acf86",
      "X-Served-By": "app-1107",
      "Access-Control-Allow-Origin": "*",
      "X-Static-Version": "e1ce49ad4aa3",
      "X-Content-Type-Options": "nosniff",
      "X-Accepted-OAuth-Scopes": "repository:write",
      "X-Credential-Type": "oauth2",
      "X-Render-Time": "0.487749099731",
      "Connection": "Keep-Alive",
      "X-Request-Count": "4405",
      "X-Frame-Options": "SAMEORIGIN",
      "X-Version": "e1ce49ad4aa3",
      "Content-Length": "0"
    },
    "response": null,
    "status": 201
  },
  {
    "body": "------WebKitFormBoundaryhs3SJxnMEnlXGn8L\r\nContent-Disposition: form-data; name=\"files\"\r\n\r\nstatic/media/netlify.png\r\n------WebKitFormBoundaryhs3SJxnMEnlXGn8L\r\nContent-Disposition: form-data; name=\"branch\"\r\n\r\nmaster\r\n------WebKitFormBoundaryhs3SJxnMEnlXGn8L\r\nContent-Disposition: form-data; name=\"message\"\r\n\r\nDelete âstatic/media/netlify.pngâ\r\n------WebKitFormBoundaryhs3SJxnMEnlXGn8L--\r\n",
    "method": "POST",
    "url": "/2.0/repositories/owner/repo/src",
    "headers": {
      "Server": "nginx",
      "Vary": "Authorization",
      "Content-Type": "text/html; charset=utf-8",
      "X-OAuth-Scopes": "pullrequest:write, repository:delete, repository:admin, account",
      "Access-Control-Expose-Headers": "Accept-Ranges, Content-Encoding, Content-Length, Content-Type, ETag, Last-Modified",
      "Strict-Transport-Security": "max-age=31536000; includeSubDomains; preload",
      "Location": "https://api.bitbucket.org/2.0/repositories/owner/repo/commit/8cb4be3acf9360e8c5ad2796ca2fe2bc169cb178",
      "X-Served-By": "app-1141",
      "Access-Control-Allow-Origin": "*",
      "X-Static-Version": "e1ce49ad4aa3",
      "X-Content-Type-Options": "nosniff",
      "X-Accepted-OAuth-Scopes": "repository:write",
      "X-Credential-Type": "oauth2",
      "X-Render-Time": "0.41299700737",
      "Connection": "Keep-Alive",
      "X-Request-Count": "2456",
      "X-Frame-Options": "SAMEORIGIN",
      "X-Version": "e1ce49ad4aa3",
      "Content-Length": "0"
    },
    "response": null,
    "status": 201
  },
  {
    "body": "{\"ref\":{\"name\":\"refs/heads/master\"}}",
    "method": "POST",
    "url": "/owner/repo.git/info/lfs/locks/verify",
    "headers": {
      "Server": "nginx",
      "Cache-Control": "no-cache",
      "Content-Type": "text/html",
      "X-OAuth-Scopes": "pullrequest:write, repository:delete, repository:admin, account",
      "X-Usage-Output-Ops": "0",
      "Strict-Transport-Security": "max-age=31536000; includeSubDomains; preload",
      "X-Usage-User-Time": "0.297260",
      "X-Usage-System-Time": "0.030434",
      "bbuserid": "6965054",
      "bbauthhash": "85825d9e95e23cd03a5fd66443596e6bee282889",
      "X-Served-By": "app-163",
      "X-Consumer-Client-Id": "ATfdeqkMFdgQA3S8Tr",
      "X-Usage-Throttled": "True",
      "X-Static-Version": "e1ce49ad4aa3",
      "X-Credential-Type": "oauth2",
      "X-Render-Time": "0.341689109802",
      "Connection": "Keep-Alive",
      "X-Token-Id": "47401645",
      "bbusername": "owner",
      "X-Usage-Input-Ops": "0",
      "X-Version": "e1ce49ad4aa3",
      "X-Request-Count": "1056",
      "X-Frame-Options": "SAMEORIGIN",
      "content-length": "77"
    },
    "response": "<h1>Not Found</h1><p>The requested resource was not found on this server.</p>",
    "status": 404
  }
]